{
  "project_info": {
    "project_number": "712765184635",
    "project_id": "tem-match",
    "storage_bucket": "tem-match.appspot.com"
  },
  "client": [
    {
      "client_info": {
        "mobilesdk_app_id": "1:712765184635:android:ae42c759bc9bf385bce0de",
        "android_client_info": {
          "package_name": "com.teemmatch.app"
        }
      },
      "oauth_client": [
        {
          "client_id": "712765184635-50m6kkdnihckqni87hdchhruretvj17l.apps.googleusercontent.com",
          "client_type": 1,
          "android_info": {
            "package_name": "com.teemmatch.app",
            "certificate_hash": "8b1a6b406990f66512de35c4fe673ad5dfd428b9"
          }
        },
        {
          "client_id": "712765184635-c4kqdv0egbs85f63vcajaod2lr019h9v.apps.googleusercontent.com",
          "client_type": 1,
          "android_info": {
            "package_name": "com.teemmatch.app",
            "certificate_hash": "ddf320d0b210c1391e96c1a2795fbdcd2779d905"
          }
        },
        {
          "client_id": "712765184635-vb5ttol71tr6ou80d9k6r0d8vdm2g99h.apps.googleusercontent.com",
          "client_type": 1,
          "android_info": {
            "package_name": "com.teemmatch.app",
            "certificate_hash": "9bbb3186b2189ef16d8f272bdab59362c395cbb4"
          }
        },
        {
          "client_id": "712765184635-kgrbfmjva56lee7voueatc5rmu2u4rdk.apps.googleusercontent.com",
          "client_type": 3
        }
      ],
      "api_key": [
        {
          "current_key": "AIzaSyBcju5KL7r34RZXkydOsDmnibBN7EZLSWk"
        }
      ],
      "services": {
        "appinvite_service": {
          "other_platform_oauth_client": [
            {
              "client_id": "712765184635-31gv64pp6iqk1oos58tmvet8eiei7gir.apps.googleusercontent.com",
              "client_type": 3
            },
            {
              "client_id": "712765184635-1d0clrorshh5vg9blr8tj5selj8st74e.apps.googleusercontent.com",
              "client_type": 2,
              "ios_info": {
                "bundle_id": "com.mycompany.teemmatch"
              }
            }
          ]
        }
      }
    }
  ],
  "configuration_version": "1"
}